230,452,399
603,821,125
944,520,845
747,192,278
999,485,930
876,104,565
140,724,737
854,384,217
336,474,906
713,465,194
13,454,476
12,916,763
823,728,304
155,142,617
418,218,698
514,521,843
62,225,923
96,565,671
513,974,57
144,869,902
828,440,738
459,984,869
394,709,625
94,733,789
519,417,503
103,536,147
59,497,498
17,167,539
434,598,276
205,610,201
232,218,692
773,534,826
350,848,68
817,130,45
174,122,827
303,530,632
531,399,840
386,333,933
235,375,80
198,157,91
108,857,326
778,273,731
129,867,33
936,124,941
258,646,789
709,340,413
267,527,242
412,261,181
773,485,384
691,178,127
32,340,483
737,551,254
504,393,279
915,519,84
765,687,260
675,929,186
2,930,993
129,599,661
781,666,480
279,613,220
935,226,1000
295,491,574
790,390,905
995,495,546
891,825,231
83,515,968
942,798,876
185,480,98
396,25,473
993,520,853
402,901,226
161,765,598
462,885,788
442,880,730
206,21,333
384,428,585
378,618,837
420,725,753
708,547,250
658,789,506
76,435,138
525,609,994
473,693,233
957,636,312
822,160,707
294,772,678
64,105,734
135,64,809
907,793,847
969,197,402
924,501,705
643,543,629
707,543,774
397,702,606
502,164,407
260,812,662
492,149,461
249,57,636
14,751,806
58,941,197
